{"cameraMode":{"drawMode":0,"name":"Shaded","section":"Shading Mode"},"sceneLighting":true,"audioPlay":false,"sceneViewState":{"m_AlwaysRefresh":false,"showFog":true,"showSkybox":true,"showFlares":true,"showImageEffects":true,"showParticleSystems":true,"showVisualEffectGraphs":true,"m_FxEnabled":true},"in2DMode":false,"pivot":{"x":6.598356246948242,"y":0.048422813415527347,"z":3.312117338180542},"rotation":{"x":0.15841040015220643,"y":0.7497256398200989,"z":-0.1938822716474533,"w":0.6125625967979431},"size":4.2065863609313969,"orthographic":false}